607agggnt@hcentive.com,607iin@hcentive.com,Rrnurc,Jxwddm,Asjlqa,23,1707,Uobhcb
608agggnt@hcentive.com,608iin@hcentive.com,Sbcbvp,Wlqnid,Vwwsee,23,1708,Nuqyar
609agggnt@hcentive.com,609iin@hcentive.com,Ypukdc,Wbfhyl,Mqvbeu,23,1709,Lemdri
610agggnt@hcentive.com,610iin@hcentive.com,Kosmtx,Oydvgc,Ibxrwv,23,1710,Lcaank
611agggnt@hcentive.com,611iin@hcentive.com,Gmjaed,Pxejvm,Wycibr,23,1711,Hroxuh
612agggnt@hcentive.com,612iin@hcentive.com,Opsbdr,Fysosu,Ahapsy,23,1712,Luwhrn
613agggnt@hcentive.com,613iin@hcentive.com,Iabcmu,Axnvgd,Ylxqvb,23,1713,Lbktfy
614agggnt@hcentive.com,614iin@hcentive.com,Dbaaiu,Jtalmv,Vdinuf,23,1714,Rhdsas
615agggnt@hcentive.com,615iin@hcentive.com,Ojybvs,Dlpdlw,Khwbgj,23,1715,Dqevbe
616agggnt@hcentive.com,616iin@hcentive.com,Ppmtat,Knoelx,Binpnx,23,1716,Lpuliu
617agggnt@hcentive.com,617iin@hcentive.com,Eecbnb,Xfsxkx,Xoqrhq,23,1717,Impuot
618agggnt@hcentive.com,618iin@hcentive.com,Aawgcr,Lcsfkr,Lsohva,23,1718,Egcoga
619agggnt@hcentive.com,619iin@hcentive.com,Btowuo,Mlvdcl,Dhfjnr,23,1719,Xknkoh
620agggnt@hcentive.com,620iin@hcentive.com,Gtsrjj,Vikiib,Kfqfaa,23,1720,Ynxjxa
621agggnt@hcentive.com,621iin@hcentive.com,Iwliig,Nmcgmv,Pgeqoh,23,1721,Kahdwu
622agggnt@hcentive.com,622iin@hcentive.com,Hosfqn,Gyvnaj,Kjyybk,23,1722,Jklptw
623agggnt@hcentive.com,623iin@hcentive.com,Bmsvgc,Uedctj,Yupaqk,23,1723,Rqlyes
624agggnt@hcentive.com,624iin@hcentive.com,Svjcbv,Javfgu,Mbvthc,23,1724,Tlvaqo
625agggnt@hcentive.com,625iin@hcentive.com,Jsjlsl,Tgqvmp,Mmskhp,23,1725,Qgetnx
626agggnt@hcentive.com,626iin@hcentive.com,Gsoesm,Njtjuv,Geemec,23,1726,Alqdyd
627agggnt@hcentive.com,627iin@hcentive.com,Qaqrir,Mulpyr,Hjadxo,23,1727,Nwvarg
628agggnt@hcentive.com,628iin@hcentive.com,Jfopsp,Acgrkw,Fkseca,23,1728,Vyucop
629agggnt@hcentive.com,629iin@hcentive.com,Olanli,Vsilcb,Bxywie,23,1729,Yixhug
630agggnt@hcentive.com,630iin@hcentive.com,Qkaebi,Qbpbjw,Bcpjaj,23,1730,Hxndfo
631agggnt@hcentive.com,631iin@hcentive.com,Mfldut,Rywtny,Efmrhx,23,1731,Dwvcvg
632agggnt@hcentive.com,632iin@hcentive.com,Pxrxnx,Brxeih,Qornkq,23,1732,Ljblex
633agggnt@hcentive.com,633iin@hcentive.com,Xebsrb,Fbtfvd,Lddfiu,23,1733,Vxhrkd
634agggnt@hcentive.com,634iin@hcentive.com,Crhhfk,Ekuerq,Qafuvh,23,1734,Yklnvt
635agggnt@hcentive.com,635iin@hcentive.com,Nqhflr,Xvuncw,Rgfdnk,23,1735,Eywpmu
636agggnt@hcentive.com,636iin@hcentive.com,Bvahrp,Ngkiht,Typadt,23,1736,Aibynd
637agggnt@hcentive.com,637iin@hcentive.com,Gnvnmp,Iximfu,Xfhviv,23,1737,Uwhekp
638agggnt@hcentive.com,638iin@hcentive.com,Oonlca,Hhajyt,Smxwhm,23,1738,Icbccl
639agggnt@hcentive.com,639iin@hcentive.com,Qtwnhk,Sisiyd,Idsnha,23,1739,Treonw
640agggnt@hcentive.com,640iin@hcentive.com,Qlkovy,Kgdshx,Gfgles,23,1740,Igsbcw
641agggnt@hcentive.com,641iin@hcentive.com,Lcbqim,Rimkmp,Txxlbn,23,1741,Hkjqgs
642agggnt@hcentive.com,642iin@hcentive.com,Lhhyrn,Wticek,Ulgtuw,23,1742,Ioqrqq
643agggnt@hcentive.com,643iin@hcentive.com,Wwommg,Pxgcxx,Dpykmo,23,1743,Stohij
644agggnt@hcentive.com,644iin@hcentive.com,Mkhejb,Lskywc,Gratgx,23,1744,Ssuyab
645agggnt@hcentive.com,645iin@hcentive.com,Xunbba,Sfewni,Evrcmf,23,1745,Ybubio
646agggnt@hcentive.com,646iin@hcentive.com,Pulqfq,Ecxrwb,Mnkodw,23,1746,Choxgc
647agggnt@hcentive.com,647iin@hcentive.com,Vqsiqd,Ivgejv,Qalkqt,23,1747,Rinved
648agggnt@hcentive.com,648iin@hcentive.com,Woypvl,Pswdyk,Pewqew,23,1748,Crldsl
649agggnt@hcentive.com,649iin@hcentive.com,Epulbf,Lednhh,Jspyxq,23,1749,Fmwqpb
650agggnt@hcentive.com,650iin@hcentive.com,Hotrbh,Uckjeg,Atncfl,23,1750,Lrgxpk
651agggnt@hcentive.com,651iin@hcentive.com,Jwwhnp,Vcxdyn,Sjsfir,23,1751,Ycghcw
652agggnt@hcentive.com,652iin@hcentive.com,Wfnwxe,Divucr,Dllfid,23,1752,Iakydm
653agggnt@hcentive.com,653iin@hcentive.com,Bnukrp,Iypkus,Cpvpqs,23,1753,Nyidej
654agggnt@hcentive.com,654iin@hcentive.com,Dmcoev,Tqvvoa,Cpcdlx,23,1754,Dwyaoc
655agggnt@hcentive.com,655iin@hcentive.com,Wiyupw,Nqkbnl,Anfatq,23,1755,Rstivp
656agggnt@hcentive.com,656iin@hcentive.com,Qvboje,Ffnqnb,Gygjoy,23,1756,Lninmv
657agggnt@hcentive.com,657iin@hcentive.com,Dmyvxt,Pqngqr,Imdyrb,23,1757,Uuxwbo
658agggnt@hcentive.com,658iin@hcentive.com,Fgcgvh,Xqemdo,Bifsjs,23,1758,Ncptio
659agggnt@hcentive.com,659iin@hcentive.com,Iyharl,Nntgqk,Iuqvxm,23,1759,Scewjr
660agggnt@hcentive.com,660iin@hcentive.com,Vdjolt,Cioeky,Vwkdcw,23,1760,Khhqlp
661agggnt@hcentive.com,661iin@hcentive.com,Ohmwnr,Xwmjxy,Pfxsrr,23,1761,Uvercb
662agggnt@hcentive.com,662iin@hcentive.com,Ksxhpf,Brvpqo,Lvcjqv,23,1762,Xyvrpr
663agggnt@hcentive.com,663iin@hcentive.com,Spdgis,Bceiiy,Jydnjg,23,1763,Lsgtti
664agggnt@hcentive.com,664iin@hcentive.com,Playag,Wahvqm,Gvwdht,23,1764,Pgqmyi
665agggnt@hcentive.com,665iin@hcentive.com,Outavd,Uqedik,Pixpyh,23,1765,Effcsp
666agggnt@hcentive.com,666iin@hcentive.com,Wpykrh,Ypegst,Njyogk,23,1766,Cvnlpa
667agggnt@hcentive.com,667iin@hcentive.com,Xdsgie,Lqfmmb,Wotulq,23,1767,Yqucsx
668agggnt@hcentive.com,668iin@hcentive.com,Rkewbe,Adaxxu,Rjrlfd,23,1768,Akyjdi
669agggnt@hcentive.com,669iin@hcentive.com,Cayrwj,Nakpha,Unfbma,23,1769,Jyrjrq
