945agent_fkk@hcentive.com,945lis,945tin,Sxqaxn,945agency,Ccukmq,945empName,945emp_ag_fkk@hcentive.com,54,3717,945emply_ag_fkk@hcentive.com,Kobfpm,24565493
946agent_fkk@hcentive.com,946lis,946tin,Qcsnfq,946agency,Levfhm,946empName,946emp_ag_fkk@hcentive.com,54,3718,946emply_ag_fkk@hcentive.com,Tckspu,24565494
947agent_fkk@hcentive.com,947lis,947tin,Pesurs,947agency,Adjvyc,947empName,947emp_ag_fkk@hcentive.com,54,3719,947emply_ag_fkk@hcentive.com,Xeqlxl,24565495
948agent_fkk@hcentive.com,948lis,948tin,Jnvdhs,948agency,Ievfyy,948empName,948emp_ag_fkk@hcentive.com,54,3720,948emply_ag_fkk@hcentive.com,Rxftmv,24565496
949agent_fkk@hcentive.com,949lis,949tin,Egrmmo,949agency,Onoewr,949empName,949emp_ag_fkk@hcentive.com,54,3721,949emply_ag_fkk@hcentive.com,Voombk,24565497
950agent_fkk@hcentive.com,950lis,950tin,Bffdqb,950agency,Regcel,950empName,950emp_ag_fkk@hcentive.com,54,3722,950emply_ag_fkk@hcentive.com,Qrlwbf,24565498
951agent_fkk@hcentive.com,951lis,951tin,Uuaraw,951agency,Sacueo,951empName,951emp_ag_fkk@hcentive.com,54,3723,951emply_ag_fkk@hcentive.com,Xleghd,24565499
952agent_fkk@hcentive.com,952lis,952tin,Trytwn,952agency,Kyvgac,952empName,952emp_ag_fkk@hcentive.com,54,3724,952emply_ag_fkk@hcentive.com,Mmjfxq,24565500
953agent_fkk@hcentive.com,953lis,953tin,Gxajyc,953agency,Hixynx,953empName,953emp_ag_fkk@hcentive.com,54,3725,953emply_ag_fkk@hcentive.com,Ktpmth,24565501
954agent_fkk@hcentive.com,954lis,954tin,Srmort,954agency,Hjgthl,954empName,954emp_ag_fkk@hcentive.com,54,3726,954emply_ag_fkk@hcentive.com,Tkuixj,24565502
955agent_fkk@hcentive.com,955lis,955tin,Vgewmh,955agency,Gjkqkn,955empName,955emp_ag_fkk@hcentive.com,54,3727,955emply_ag_fkk@hcentive.com,Juddah,24565503
956agent_fkk@hcentive.com,956lis,956tin,Ikbwyv,956agency,Iaawon,956empName,956emp_ag_fkk@hcentive.com,54,3728,956emply_ag_fkk@hcentive.com,Sujife,24565504
957agent_fkk@hcentive.com,957lis,957tin,Tnrqyr,957agency,Omajhs,957empName,957emp_ag_fkk@hcentive.com,54,3729,957emply_ag_fkk@hcentive.com,Iigpth,24565505
958agent_fkk@hcentive.com,958lis,958tin,Godryh,958agency,Eihcvq,958empName,958emp_ag_fkk@hcentive.com,54,3730,958emply_ag_fkk@hcentive.com,Qxoiri,24565506
959agent_fkk@hcentive.com,959lis,959tin,Ryicmp,959agency,Yomlhy,959empName,959emp_ag_fkk@hcentive.com,54,3731,959emply_ag_fkk@hcentive.com,Fkyfbw,24565507
960agent_fkk@hcentive.com,960lis,960tin,Qsghas,960agency,Gejjcf,960empName,960emp_ag_fkk@hcentive.com,54,3732,960emply_ag_fkk@hcentive.com,Jutdvf,24565508
961agent_fkk@hcentive.com,961lis,961tin,Ikuxjp,961agency,Kdlyco,961empName,961emp_ag_fkk@hcentive.com,54,3733,961emply_ag_fkk@hcentive.com,Fnbtkt,24565509
962agent_fkk@hcentive.com,962lis,962tin,Eyvgdk,962agency,Mdjief,962empName,962emp_ag_fkk@hcentive.com,54,3734,962emply_ag_fkk@hcentive.com,Tvcyvs,24565510
963agent_fkk@hcentive.com,963lis,963tin,Lveeio,963agency,Kqnxoh,963empName,963emp_ag_fkk@hcentive.com,54,3735,963emply_ag_fkk@hcentive.com,Mmufwa,24565511
964agent_fkk@hcentive.com,964lis,964tin,Yjihxt,964agency,Bkwgjr,964empName,964emp_ag_fkk@hcentive.com,54,3736,964emply_ag_fkk@hcentive.com,Epxlat,24565512
965agent_fkk@hcentive.com,965lis,965tin,Cqormr,965agency,Sopvyv,965empName,965emp_ag_fkk@hcentive.com,54,3737,965emply_ag_fkk@hcentive.com,Nxdgul,24565513
966agent_fkk@hcentive.com,966lis,966tin,Tfnxkx,966agency,Egwfxr,966empName,966emp_ag_fkk@hcentive.com,54,3738,966emply_ag_fkk@hcentive.com,Ivuood,24565514
967agent_fkk@hcentive.com,967lis,967tin,Efuxwn,967agency,Cpqbux,967empName,967emp_ag_fkk@hcentive.com,54,3739,967emply_ag_fkk@hcentive.com,Puduxj,24565515
968agent_fkk@hcentive.com,968lis,968tin,Xgswbe,968agency,Wrdcqa,968empName,968emp_ag_fkk@hcentive.com,54,3740,968emply_ag_fkk@hcentive.com,Ptwabl,24565516
969agent_fkk@hcentive.com,969lis,969tin,Hnoscc,969agency,Likpqt,969empName,969emp_ag_fkk@hcentive.com,54,3741,969emply_ag_fkk@hcentive.com,Jexxgj,24565517
970agent_fkk@hcentive.com,970lis,970tin,Cylrvb,970agency,Grpqat,970empName,970emp_ag_fkk@hcentive.com,54,3742,970emply_ag_fkk@hcentive.com,Pcbblq,24565518
971agent_fkk@hcentive.com,971lis,971tin,Vnqwsl,971agency,Xtytgx,971empName,971emp_ag_fkk@hcentive.com,54,3743,971emply_ag_fkk@hcentive.com,Cnjpnv,24565519
972agent_fkk@hcentive.com,972lis,972tin,Ksyrnl,972agency,Feusxx,972empName,972emp_ag_fkk@hcentive.com,54,3744,972emply_ag_fkk@hcentive.com,Qsbqqn,24565520
973agent_fkk@hcentive.com,973lis,973tin,Tcabah,973agency,Ybylsi,973empName,973emp_ag_fkk@hcentive.com,54,3745,973emply_ag_fkk@hcentive.com,Hulwss,24565521
974agent_fkk@hcentive.com,974lis,974tin,Jhlmlg,974agency,Ebktla,974empName,974emp_ag_fkk@hcentive.com,54,3746,974emply_ag_fkk@hcentive.com,Yflosb,24565522
975agent_fkk@hcentive.com,975lis,975tin,Cyjmws,975agency,Ujqpka,975empName,975emp_ag_fkk@hcentive.com,54,3747,975emply_ag_fkk@hcentive.com,Dofdnn,24565523
976agent_fkk@hcentive.com,976lis,976tin,Qqoxvp,976agency,Wbmfpc,976empName,976emp_ag_fkk@hcentive.com,54,3748,976emply_ag_fkk@hcentive.com,Locljg,24565524
977agent_fkk@hcentive.com,977lis,977tin,Sbotlq,977agency,Kbfhkq,977empName,977emp_ag_fkk@hcentive.com,54,3749,977emply_ag_fkk@hcentive.com,Nwpeii,24565525
978agent_fkk@hcentive.com,978lis,978tin,Jgtfsl,978agency,Qgcidd,978empName,978emp_ag_fkk@hcentive.com,54,3750,978emply_ag_fkk@hcentive.com,Mgfeau,24565526
979agent_fkk@hcentive.com,979lis,979tin,Eojagr,979agency,Ibkcqe,979empName,979emp_ag_fkk@hcentive.com,54,3751,979emply_ag_fkk@hcentive.com,Dayjvr,24565527
980agent_fkk@hcentive.com,980lis,980tin,Bxherk,980agency,Hcufdp,980empName,980emp_ag_fkk@hcentive.com,54,3752,980emply_ag_fkk@hcentive.com,Qbpaxd,24565528
981agent_fkk@hcentive.com,981lis,981tin,Dhrmlv,981agency,Sfonpw,981empName,981emp_ag_fkk@hcentive.com,54,3753,981emply_ag_fkk@hcentive.com,Ctqudm,24565529
982agent_fkk@hcentive.com,982lis,982tin,Jipfiy,982agency,Agfaco,982empName,982emp_ag_fkk@hcentive.com,54,3754,982emply_ag_fkk@hcentive.com,Aljlkk,24565530
983agent_fkk@hcentive.com,983lis,983tin,Glmhgu,983agency,Pghdkj,983empName,983emp_ag_fkk@hcentive.com,54,3755,983emply_ag_fkk@hcentive.com,Nlidre,24565531
984agent_fkk@hcentive.com,984lis,984tin,Dlrlip,984agency,Iipghe,984empName,984emp_ag_fkk@hcentive.com,54,3756,984emply_ag_fkk@hcentive.com,Mucngk,24565532
985agent_fkk@hcentive.com,985lis,985tin,Auphvg,985agency,Kdmkjt,985empName,985emp_ag_fkk@hcentive.com,54,3757,985emply_ag_fkk@hcentive.com,Mqtlqo,24565533
986agent_fkk@hcentive.com,986lis,986tin,Hcymqi,986agency,Uidnfl,986empName,986emp_ag_fkk@hcentive.com,54,3758,986emply_ag_fkk@hcentive.com,Sypitw,24565534
987agent_fkk@hcentive.com,987lis,987tin,Crntqp,987agency,Umkvxj,987empName,987emp_ag_fkk@hcentive.com,54,3759,987emply_ag_fkk@hcentive.com,Cenwqu,24565535
988agent_fkk@hcentive.com,988lis,988tin,Jdnsrj,988agency,Cplibh,988empName,988emp_ag_fkk@hcentive.com,54,3760,988emply_ag_fkk@hcentive.com,Axpqjs,24565536
989agent_fkk@hcentive.com,989lis,989tin,Gypexn,989agency,Msdres,989empName,989emp_ag_fkk@hcentive.com,54,3761,989emply_ag_fkk@hcentive.com,Etvwju,24565537
990agent_fkk@hcentive.com,990lis,990tin,Xsjpbh,990agency,Tjwxrl,990empName,990emp_ag_fkk@hcentive.com,54,3762,990emply_ag_fkk@hcentive.com,Ukvdoh,24565538
991agent_fkk@hcentive.com,991lis,991tin,Huaqis,991agency,Kqxhmc,991empName,991emp_ag_fkk@hcentive.com,54,3763,991emply_ag_fkk@hcentive.com,Ruvveg,24565539
992agent_fkk@hcentive.com,992lis,992tin,Ijeyke,992agency,Hblktl,992empName,992emp_ag_fkk@hcentive.com,54,3764,992emply_ag_fkk@hcentive.com,Eofvps,24565540
993agent_fkk@hcentive.com,993lis,993tin,Ihgkxj,993agency,Hixvlt,993empName,993emp_ag_fkk@hcentive.com,54,3765,993emply_ag_fkk@hcentive.com,Nbrlue,24565541
994agent_fkk@hcentive.com,994lis,994tin,Yicwjj,994agency,Ektllx,994empName,994emp_ag_fkk@hcentive.com,54,3766,994emply_ag_fkk@hcentive.com,Iplwgu,24565542
