942employer_q@hcentive.com,Pisasx,Uvxwmo,Aryqdo,23,3365,820564,942employee_q@hcentive.com,Iclgsh,Lrafok
943employer_q@hcentive.com,Yohahw,Betame,Bwdsub,23,3366,820565,943employee_q@hcentive.com,Qusiql,Gqctqa
944employer_q@hcentive.com,Wglwib,Vhodsy,Jcrqxe,23,3367,820566,944employee_q@hcentive.com,Dcqiiw,Gdcusy
945employer_q@hcentive.com,Sfopql,Iouier,Dprney,23,3368,820567,945employee_q@hcentive.com,Fjtgwp,Iyssnu
946employer_q@hcentive.com,Cvieyn,Bauhey,Kckssx,23,3369,820568,946employee_q@hcentive.com,Dpdxfy,Wmgxdf
947employer_q@hcentive.com,Qktgqi,Ahjtsm,Jskwbq,23,3370,820569,947employee_q@hcentive.com,Clqkno,Lhmrtk
948employer_q@hcentive.com,Vtghwr,Odjepf,Gljqew,23,3371,820570,948employee_q@hcentive.com,Kwwatd,Ktlmfr
949employer_q@hcentive.com,Vapwui,Ilgebq,Krfpca,23,3372,820571,949employee_q@hcentive.com,Tclnvj,Yknbgw
950employer_q@hcentive.com,Lidhin,Nqfcwd,Lujkux,23,3373,820572,950employee_q@hcentive.com,Gablgd,Mlopya
951employer_q@hcentive.com,Qfkilk,Bdstcl,Okshhd,23,3374,820573,951employee_q@hcentive.com,Cfasvl,Svrysn
952employer_q@hcentive.com,Avtocf,Nfvpgk,Ddvafm,23,3375,820574,952employee_q@hcentive.com,Kpedlu,Jkyios
953employer_q@hcentive.com,Twniwb,Yjcadx,Poohpq,23,3376,820575,953employee_q@hcentive.com,Ufgfhc,Jwbjfk
954employer_q@hcentive.com,Cetpjm,Xklyis,Athtsm,23,3377,820576,954employee_q@hcentive.com,Eenyxn,Gukpgj
955employer_q@hcentive.com,Vnnptb,Dpnvhf,Ffekoi,23,3378,820577,955employee_q@hcentive.com,Dycrrd,Dlkpjj
956employer_q@hcentive.com,Glpqdb,Uvcudt,Opbylj,23,3379,820578,956employee_q@hcentive.com,Grmjjn,Whspgo
957employer_q@hcentive.com,Yxxnyt,Cxtxei,Llhlvk,23,3380,820579,957employee_q@hcentive.com,Wdsbhy,Olfsxl
958employer_q@hcentive.com,Xitebr,Erangs,Ykupai,23,3381,820580,958employee_q@hcentive.com,Nsrtft,Pqiysq
959employer_q@hcentive.com,Auiibw,Tcsqrr,Dxkkft,23,3382,820581,959employee_q@hcentive.com,Tlhjix,Koymkb
960employer_q@hcentive.com,Xofytx,Njjoyw,Iflwsi,23,3383,820582,960employee_q@hcentive.com,Lpfbqw,Canveg
961employer_q@hcentive.com,Oiwafb,Knyouq,Etjrfn,23,3384,820583,961employee_q@hcentive.com,Valndy,Ngeovf
962employer_q@hcentive.com,Nldbia,Rvnglb,Drxtcv,23,3385,820584,962employee_q@hcentive.com,Wchqka,Lihaoo
963employer_q@hcentive.com,Kuprat,Qqdoju,Ymddch,23,3386,820585,963employee_q@hcentive.com,Ehfqrl,Isfupn
964employer_q@hcentive.com,Qnaaad,Ghouvl,Rwlsmk,23,3387,820586,964employee_q@hcentive.com,Cpnxrc,Pmbqsd
965employer_q@hcentive.com,Wjjqyr,Fexvxc,Auypbp,23,3388,820587,965employee_q@hcentive.com,Cuasdk,Hmjvup
966employer_q@hcentive.com,Vyilwa,Cvsuin,Niinva,23,3389,820588,966employee_q@hcentive.com,Nlaqrh,Cvqkbx
967employer_q@hcentive.com,Paqrlm,Eqsmic,Fpaibu,23,3390,820589,967employee_q@hcentive.com,Akkgli,Xqbuso
968employer_q@hcentive.com,Hqelmn,Ssrwlj,Phbeed,23,3391,820590,968employee_q@hcentive.com,Rhymtc,Cvouxj
969employer_q@hcentive.com,Jwxkea,Hicymk,Usorxl,23,3392,820591,969employee_q@hcentive.com,Srurtx,Uywsmp
970employer_q@hcentive.com,Vacpbf,Awvofp,Gqusue,23,3393,820592,970employee_q@hcentive.com,Ioxotd,Vhwqsl
971employer_q@hcentive.com,Xjoupl,Igdabv,Taukmp,23,3394,820593,971employee_q@hcentive.com,Okxrcb,Chbrwd
972employer_q@hcentive.com,Ppvgie,Jtxmkf,Ehwlbx,23,3395,820594,972employee_q@hcentive.com,Qfwlne,Jehpge
973employer_q@hcentive.com,Albrcx,Wfakwo,Waktyn,23,3396,820595,973employee_q@hcentive.com,Dewbiq,Ceuggm
974employer_q@hcentive.com,Yrbyls,Enxsoe,Cvxale,23,3397,820596,974employee_q@hcentive.com,Xtmnre,Gmoorm
975employer_q@hcentive.com,Tguomg,Boerdm,Jbqkro,23,3398,820597,975employee_q@hcentive.com,Hfobhk,Tijklq
976employer_q@hcentive.com,Igqeic,Oqxvfe,Lwscgw,23,3399,820598,976employee_q@hcentive.com,Hjdyqb,Gyewda
977employer_q@hcentive.com,Cmsdqn,Iuuwgp,Rpmjtv,23,3400,820599,977employee_q@hcentive.com,Kkouch,Hpvkmy
978employer_q@hcentive.com,Hgwwvg,Motwwx,Msowqh,23,3401,820600,978employee_q@hcentive.com,Txunsp,Jscirg
979employer_q@hcentive.com,Fsgvav,Xtcrmg,Axjlku,23,3402,820601,979employee_q@hcentive.com,Likdku,Pbyqcf
980employer_q@hcentive.com,Lwgfqn,Oihugt,Bnuasx,23,3403,820602,980employee_q@hcentive.com,Sgbqaf,Khcpef
981employer_q@hcentive.com,Khskki,Jrlxyu,Hrifnl,23,3404,820603,981employee_q@hcentive.com,Lhhjfa,Meysxp
982employer_q@hcentive.com,Jtqokp,Ulvfjq,Jkedje,23,3405,820604,982employee_q@hcentive.com,Kbqkof,Wahhvs
983employer_q@hcentive.com,Kupaxk,Itcclc,Hgkhwg,23,3406,820605,983employee_q@hcentive.com,Tupjih,Wqedwc
984employer_q@hcentive.com,Irsdsb,Bohihp,Ecuphk,23,3407,820606,984employee_q@hcentive.com,Wxnpjq,Osrpyr
985employer_q@hcentive.com,Xbombv,Fgnrdc,Fleouc,23,3408,820607,985employee_q@hcentive.com,Yebppi,Kspylm
986employer_q@hcentive.com,Ajpptg,Xlohrx,Uhuhjf,23,3409,820608,986employee_q@hcentive.com,Keikcw,Qxjbmm
987employer_q@hcentive.com,Citmjq,Dcosup,Fejgju,23,3410,820609,987employee_q@hcentive.com,Mkkgje,Nyejtf
988employer_q@hcentive.com,Rotyrh,Yjeooc,Rlpsta,23,3411,820610,988employee_q@hcentive.com,Gibjks,Xfuhhd
989employer_q@hcentive.com,Jguwqt,Vqgqhg,Rpgbcc,23,3412,820611,989employee_q@hcentive.com,Dubphv,Uwhgww
990employer_q@hcentive.com,Xqxqdo,Fmehgd,Nxyiop,23,3413,820612,990employee_q@hcentive.com,Fldxrk,Ekhkgc
991employer_q@hcentive.com,Xhsnea,Wxjuxn,Orttyp,23,3414,820613,991employee_q@hcentive.com,Onmtmb,Lnopan
992employer_q@hcentive.com,Svpvcc,Jqcjtr,Jhwvmk,23,3415,820614,992employee_q@hcentive.com,Hycbbs,Cjpsgf
993employer_q@hcentive.com,Hprbpf,Qyqaid,Dtxkbk,23,3416,820615,993employee_q@hcentive.com,Ubjxgb,Aganbk
994employer_q@hcentive.com,Rwjths,Oqfdki,Petfqb,23,3417,820616,994employee_q@hcentive.com,Lkcsog,Xdwcce
995employer_q@hcentive.com,Hgyqhv,Revuqb,Khpilb,23,3418,820617,995employee_q@hcentive.com,Knrryb,Dimlic
996employer_q@hcentive.com,Dnwyrk,Cibbgv,Xprhaw,23,3419,820618,996employee_q@hcentive.com,Wycqvk,Weoihd
997employer_q@hcentive.com,Pomoid,Qmmevs,Amxmri,23,3420,820619,997employee_q@hcentive.com,Ebsxkj,Lbpdui
998employer_q@hcentive.com,Neswgd,Bcstpj,Foxgea,23,3421,820620,998employee_q@hcentive.com,Pjnlew,Ohlaif
999employer_q@hcentive.com,Ilmget,Fcsmcu,Upwqtl,23,3422,820621,999employee_q@hcentive.com,Xltkvu,Rjnujb
1000employer_q@hcentive.com,Dkkosd,Upjsux,Elketi,23,3423,820622,1000employee_q@hcentive.com,Xwauin,Nffjma
1001employer_q@hcentive.com,Kcpbrm,Nqywju,Fhvdwo,23,3424,820623,1001employee_q@hcentive.com,Ndhjnl,Dyfewg
1002employer_q@hcentive.com,Ejxosv,Wxikrr,Gniagf,23,3425,820624,1002employee_q@hcentive.com,Oivbbx,Knvdxw
1003employer_q@hcentive.com,Baifxd,Apjsfb,Eckqkl,23,3426,820625,1003employee_q@hcentive.com,Pyayln,Jqhnuo
1004employer_q@hcentive.com,Qxuwrh,Jabqhj,Gawoal,23,3427,820626,1004employee_q@hcentive.com,Yvsoeu,Llfewg
1005employer_q@hcentive.com,Yecbvg,Gyfyue,Bhtjrf,23,3428,820627,1005employee_q@hcentive.com,Rwcmft,Iyxmek
1006employer_q@hcentive.com,Syxcbu,Vjifde,Idgqij,23,3429,820628,1006employee_q@hcentive.com,Grlakt,Lcrshd
1007employer_q@hcentive.com,Uapney,Ordhmq,Axkbsw,23,3430,820629,1007employee_q@hcentive.com,Tbulvq,Ulwrxa
1008employer_q@hcentive.com,Wxbtpn,Wdwwhl,Ujgiko,23,3431,820630,1008employee_q@hcentive.com,Xdffdo,Ksfrad
1009employer_q@hcentive.com,Eflgtd,Qkjkla,Bmnuav,23,3432,820631,1009employee_q@hcentive.com,Sjclpw,Grpmpt
1010employer_q@hcentive.com,Tgambq,Grwlyr,Yqnswm,23,3433,820632,1010employee_q@hcentive.com,Qhifpw,Crnjwn
1011employer_q@hcentive.com,Bldnif,Crujla,Raxblh,23,3434,820633,1011employee_q@hcentive.com,Hxdnvp,Dujvum
1012employer_q@hcentive.com,Lmcsgi,Dsrmow,Exxilf,23,3435,820634,1012employee_q@hcentive.com,Vdexij,Qdkraf
1013employer_q@hcentive.com,Jgqeea,Hoeirl,Mnfydw,23,3436,820635,1013employee_q@hcentive.com,Wygdnf,Mklcwo
1014employer_q@hcentive.com,Jnqlwj,Tbogkq,Vricuh,23,3437,820636,1014employee_q@hcentive.com,Jtodtc,Owludr
1015employer_q@hcentive.com,Wkwocl,Lyabts,Fadsvv,23,3438,820637,1015employee_q@hcentive.com,Xnukxu,Yogmum
1016employer_q@hcentive.com,Cuvfmc,Tnlkpk,Dnqkad,23,3439,820638,1016employee_q@hcentive.com,Byjqxg,Urvarg
1017employer_q@hcentive.com,Kriexb,Snovlu,Etcbmq,23,3440,820639,1017employee_q@hcentive.com,Gqbdcy,Gypiyi
1018employer_q@hcentive.com,Dxrvjq,Tayele,Ropxhb,23,3441,820640,1018employee_q@hcentive.com,Ejiphp,Fxwmal
1019employer_q@hcentive.com,Cgfuij,Bklvcg,Fxoarh,23,3442,820641,1019employee_q@hcentive.com,Bqypam,Rctfiu
1020employer_q@hcentive.com,Vypite,Iipude,Fkglkc,23,3443,820642,1020employee_q@hcentive.com,Nohhrl,Bxhcku
1021employer_q@hcentive.com,Qeaoja,Xhhhat,Vnmryc,23,3444,820643,1021employee_q@hcentive.com,Tkcgqn,Areccy
1022employer_q@hcentive.com,Smoybe,Doaoci,Dppqjd,23,3445,820644,1022employee_q@hcentive.com,Utvfln,Wdpgjl
1023employer_q@hcentive.com,Djmity,Eceybn,Mckqcd,23,3446,820645,1023employee_q@hcentive.com,Rasmpi,Qstyhe
1024employer_q@hcentive.com,Anrurt,Wognsg,Grysio,23,3447,820646,1024employee_q@hcentive.com,Mgpgbo,Dxcgme
1025employer_q@hcentive.com,Irlifw,Ondsvf,Eguixc,23,3448,820647,1025employee_q@hcentive.com,Wufwcj,Cqpwba
1026employer_q@hcentive.com,Sbmvtt,Bowtnw,Oaugsn,23,3449,820648,1026employee_q@hcentive.com,Obwhrm,Uqlucp
1027employer_q@hcentive.com,Dbgyao,Apcfdq,Xljsvs,23,3450,820649,1027employee_q@hcentive.com,Kwhowk,Agdykj
1028employer_q@hcentive.com,Nfsfle,Gvdsvo,Kwdcfh,23,3451,820650,1028employee_q@hcentive.com,Bvxbar,Lwcbtd
1029employer_q@hcentive.com,Kwukks,Emcsrk,Avfllt,23,3452,820651,1029employee_q@hcentive.com,Xtryld,Uhpcsh
1030employer_q@hcentive.com,Ktjorm,Qrbdfm,Ylaenv,23,3453,820652,1030employee_q@hcentive.com,Xmappf,Sxmdqh
1031employer_q@hcentive.com,Xxscjh,Bmiewj,Owqbje,23,3454,820653,1031employee_q@hcentive.com,Fdbmlk,Nnqijm
1032employer_q@hcentive.com,Pybdaj,Pufqhi,Vtbhud,23,3455,820654,1032employee_q@hcentive.com,Ddtjli,Vddboi
1033employer_q@hcentive.com,Pqiisv,Ytrpja,Ruxaeh,23,3456,820655,1033employee_q@hcentive.com,Hsjqkc,Htgasi
1034employer_q@hcentive.com,Vjebvu,Hsqtbm,Ygnxwn,23,3457,820656,1034employee_q@hcentive.com,Ujxsnd,Lecyns
1035employer_q@hcentive.com,Puqxbb,Ajdynm,Ufxmqq,23,3458,820657,1035employee_q@hcentive.com,Lpswbo,Nyunji
1036employer_q@hcentive.com,Xspbfk,Yypvox,Trxkce,23,3459,820658,1036employee_q@hcentive.com,Ykltpd,Qdrbec
1037employer_q@hcentive.com,Ukovmv,Nvosbv,Reeyqb,23,3460,820659,1037employee_q@hcentive.com,Ktliml,Jkhink
1038employer_q@hcentive.com,Ekxjgb,Qumgjf,Trdryy,23,3461,820660,1038employee_q@hcentive.com,Csmxqo,Qasoit
1039employer_q@hcentive.com,Podmqw,Lvcmfh,Hglaan,23,3462,820661,1039employee_q@hcentive.com,Gtnfws,Fayrut
1040employer_q@hcentive.com,Obilwk,Jitlxj,Qlpaki,23,3463,820662,1040employee_q@hcentive.com,Uwyjbj,Ihnvou
1041employer_q@hcentive.com,Nbjhmu,Hnfxia,Bbiobi,23,3464,820663,1041employee_q@hcentive.com,Qauirv,Xktydt
