852vivek@hcentive.com,Kpxpyd,Cuilfb,77,1852,Muayqf,Hgwsks
853vivek@hcentive.com,Nfarmj,Ocqdju,77,1853,Jahtwq,Oagtny
854vivek@hcentive.com,Ybkjvr,Ygmpqa,77,1854,Gnogfy,Xyivqv
855vivek@hcentive.com,Bxqufd,Ixisuo,77,1855,Cnijof,Mwdpwf
856vivek@hcentive.com,Wqnxye,Kiogfh,77,1856,Exuuwv,Cpvowq
857vivek@hcentive.com,Buvvry,Dgapcm,77,1857,Fyclwk,Ovrpkx
858vivek@hcentive.com,Rwyrxm,Nlyhrl,77,1858,Urojck,Yoytpv
859vivek@hcentive.com,Qqlsrl,Yaealt,77,1859,Ywethn,Loerhw
860vivek@hcentive.com,Rulvac,Nmvlgq,77,1860,Bgdgrf,Gqgqcd
861vivek@hcentive.com,Axiwdc,Oeyopb,77,1861,Pmkqhf,Ltvqbv
862vivek@hcentive.com,Peohvr,Yierrb,77,1862,Ftldrr,Ktnngk
863vivek@hcentive.com,Dbqlyk,Wmttcs,77,1863,Qbolvw,Lnrvsv
864vivek@hcentive.com,Chcqwg,Hmfqsa,77,1864,Jwbwln,Gqrima
865vivek@hcentive.com,Kdnmmn,Bcalxw,77,1865,Muqklq,Yykaew
866vivek@hcentive.com,Anwsld,Mbedwx,77,1866,Obonvg,Wemryb
867vivek@hcentive.com,Riubyb,Xvcxjt,77,1867,Fvjmyu,Kmagvb
868vivek@hcentive.com,Psnegm,Oaprvd,77,1868,Aysyqe,Dnvxja
869vivek@hcentive.com,Uxfofq,Gwuksk,77,1869,Viwioy,Gwxuib
870vivek@hcentive.com,Rghxkj,Nupwav,77,1870,Xrnfbf,Jlsivj
871vivek@hcentive.com,Trpidt,Bfmksm,77,1871,Jfxeyk,Uxeayk
872vivek@hcentive.com,Adyrgi,Ymqebp,77,1872,Jjdtju,Hxkgfv
873vivek@hcentive.com,Xwrosi,Qokhlt,77,1873,Wautuu,Gsvuis
874vivek@hcentive.com,Xujwiy,Wpbhtq,77,1874,Eytlpn,Dxauiu
875vivek@hcentive.com,Edaibv,Difqnu,77,1875,Blsdga,Roghwy
876vivek@hcentive.com,Kqjysl,Gwpyrw,77,1876,Wgrkyx,Dhplxv
877vivek@hcentive.com,Mxamnf,Wbeuxk,77,1877,Rtsmkt,Kqmltl
878vivek@hcentive.com,Nqfwgk,Ktrfdc,77,1878,Oqkrvl,Abrigt
879vivek@hcentive.com,Huccjg,Onnedu,77,1879,Rvsjwo,Tfypjq
880vivek@hcentive.com,Uixwqq,Msvfhj,77,1880,Kcpbwg,Mntptt
881vivek@hcentive.com,Amhymv,Ugwjpc,77,1881,Gkaiii,Eaieob
882vivek@hcentive.com,Dyaugl,Bppang,77,1882,Ihpeee,Nbdvoq
883vivek@hcentive.com,Icenmn,Hccufi,77,1883,Rugcxg,Xovfdy
884vivek@hcentive.com,Duqgue,Qdrexm,77,1884,Avxkrw,Vdywfg
885vivek@hcentive.com,Ogpncc,Mhluul,77,1885,Fcgwpl,Setjks
886vivek@hcentive.com,Hvwnsq,Qeqgvv,77,1886,Qvpoxb,Dmawll
887vivek@hcentive.com,Xaxgco,Ghogle,77,1887,Fdjqbu,Idrajk
888vivek@hcentive.com,Gkgaks,Vaijms,77,1888,Mgbqcn,Txsvus
889vivek@hcentive.com,Uokdmh,Icjmvy,77,1889,Wnccjj,Dgmbrs
890vivek@hcentive.com,Smcmcl,Mrjmqo,77,1890,Thbwtu,Ukvkxq
891vivek@hcentive.com,Oqitmj,Lmconj,77,1891,Oqwaln,Jjgbiw
892vivek@hcentive.com,Elxkmm,Msggfj,77,1892,Iuvgos,Tpubmk
893vivek@hcentive.com,Bntypi,Hxptnb,77,1893,Lwexaf,Ybbyim
894vivek@hcentive.com,Vkwmoy,Bpmunm,77,1894,Qrmcve,Wnkxfw
895vivek@hcentive.com,Tbypvn,Cisygd,77,1895,Gcneok,Domhqn
896vivek@hcentive.com,Agxdqk,Lqinaq,77,1896,Rfhlgm,Vsppmh
897vivek@hcentive.com,Wpmbks,Hprxmt,77,1897,Cjjpfv,Dnyerb
898vivek@hcentive.com,Bogrko,Beeloj,77,1898,Fkvomt,Ujwqqm
899vivek@hcentive.com,Njueiu,Nkjyqb,77,1899,Okwqxc,Bwluna
900vivek@hcentive.com,Xfrhgh,Wovavw,77,1900,Phnpda,Hwrola
901vivek@hcentive.com,Faahuw,Wdualf,77,1901,Ajjedn,Thqbqg
902vivek@hcentive.com,Tdawmm,Axvhru,77,1902,Aywgky,Tyurlx
903vivek@hcentive.com,Nauoxo,Aybyos,77,1903,Opngyc,Uujfbv
904vivek@hcentive.com,Uqpmar,Kojsig,77,1904,Ebuyub,Pwydvy
905vivek@hcentive.com,Kwbamr,Sggfvv,77,1905,Jbhhkv,Bcjjpl
906vivek@hcentive.com,Jjfsdw,Ueluod,77,1906,Uhxigr,Mkmsgw
907vivek@hcentive.com,Ofqkbp,Yndfeu,77,1907,Sxtrnr,Mvrevs
908vivek@hcentive.com,Brghlg,Hocvav,77,1908,Khrtaw,Ijgiph
909vivek@hcentive.com,Nfpamg,Sgmkkm,77,1909,Syrrab,Dbowfp
910vivek@hcentive.com,Xfsbwg,Anxecr,77,1910,Mwpmdo,Ccduop
911vivek@hcentive.com,Sgqktr,Fcpugk,77,1911,Dhrkwy,Ciscju
912vivek@hcentive.com,Ycftlf,Ccjtbc,77,1912,Nrjvib,Aabfat
913vivek@hcentive.com,Yjlqbt,Rhmrfv,77,1913,Tyvueg,Idsbvh
914vivek@hcentive.com,Thdxwu,Bcknsl,77,1914,Plwgob,Jfojmi
915vivek@hcentive.com,Fmjwap,Kpcdvg,77,1915,Dvymox,Tynswu
916vivek@hcentive.com,Tphbhe,Xleafd,77,1916,Nqxjcm,Xmndhs
917vivek@hcentive.com,Dtptbg,Ycdiva,77,1917,Jeicos,Hdoydf
918vivek@hcentive.com,Foqceg,Sgjena,77,1918,Qtdnri,Pkvjip
919vivek@hcentive.com,Urvdmg,Byfpij,77,1919,Hgjpaq,Ganesy
920vivek@hcentive.com,Uhqacd,Jpovtb,77,1920,Avesyq,Eqitnw
921vivek@hcentive.com,Oegymo,Pmolvt,77,1921,Rkruqt,Ubeikw
922vivek@hcentive.com,Uyamcs,Hkdtol,77,1922,Woxbuy,Fxlsxb
923vivek@hcentive.com,Tjbela,Jucfnf,77,1923,Aqnpbm,Txfvso
924vivek@hcentive.com,Saqjmt,Hpedoh,77,1924,Hspqjc,Qquxte
925vivek@hcentive.com,Werink,Cikotj,77,1925,Uonjcj,Ujdawj
926vivek@hcentive.com,Omshin,Iuhqak,77,1926,Kcxjsr,Yftjho
927vivek@hcentive.com,Ibctbh,Iqkreg,77,1927,Ofleas,Hgiqhc
928vivek@hcentive.com,Bkdtoc,Mbymuk,77,1928,Qnffqx,Vuqklo
929vivek@hcentive.com,Fuonge,Ohfaci,77,1929,Ynfqli,Nuvmbe
930vivek@hcentive.com,Gorrcw,Addcio,77,1930,Avhhcs,Sxutfo
931vivek@hcentive.com,Gpfwym,Ewdwtq,77,1931,Ycraar,Rgkphb
932vivek@hcentive.com,Wsfuas,Csvcrn,77,1932,Tnvpmo,Hhajft
933vivek@hcentive.com,Uhrure,Ijiwut,77,1933,Vjqwdj,Uwkyrv
934vivek@hcentive.com,Dweoim,Aookke,77,1934,Ntlpey,Iunsle
935vivek@hcentive.com,Ulvxtg,Skxnek,77,1935,Gsrneo,Vdkifb
936vivek@hcentive.com,Ysplua,Besgcy,77,1936,Pitvjs,Krpecl
937vivek@hcentive.com,Eetxwx,Qdrnol,77,1937,Ycqflq,Glrnun
938vivek@hcentive.com,Sauxrh,Efmepj,77,1938,Nhrqum,Lpabwx
939vivek@hcentive.com,Wklxdo,Yufsfk,77,1939,Jpjlty,Amwswr
940vivek@hcentive.com,Kbjxwc,Swspfq,77,1940,Pefagp,Vqpbev
941vivek@hcentive.com,Beuepe,Hnihvb,77,1941,Acnblp,Qqyqam
942vivek@hcentive.com,Yjrmky,Irebnh,77,1942,Lyrxmt,Uenxvk
943vivek@hcentive.com,Dxomdr,Gehjjw,77,1943,Mqmrlg,Dysbsa
944vivek@hcentive.com,Fivcjg,Dinobk,77,1944,Ynfwpl,Tciodq
945vivek@hcentive.com,Torfcj,Fbjofh,77,1945,Jqsqyj,Wksofp
946vivek@hcentive.com,Bwoklp,Tyvtfv,77,1946,Wpjjbt,Roqqxm
947vivek@hcentive.com,Yvmkks,Nskmbq,77,1947,Kfdjpo,Ydvegh
948vivek@hcentive.com,Xohgyo,Dhfoqp,77,1948,Rbleef,Kypfca
949vivek@hcentive.com,Nartup,Yembcw,77,1949,Mvjrfu,Qalsdj
950vivek@hcentive.com,Wcqbkr,Nglqwd,77,1950,Nwiibb,Edgtys
951vivek@hcentive.com,Mtrgbf,Efysvk,77,1951,Xjaubj,Krkvks
