2@Tyler.com;Iliana;Tyler;Building 101
3@Tyler.com;Zenaida;Tyler;Building 102
4@Tyler.com;Dorothy;Tyler;Building 103
5@Tyler.com;Shaeleigh;Tyler;Building 104
6@Tyler.com;Sylvia;Tyler;Building 105
7@Tyler.com;Celeste;Tyler;Building 106
8@Tyler.com;Wyatt;Tyler;Building 107
9@Tyler.com;Heidi;Tyler;Building 108
10@Tyler.com;Leo;Tyler;Building 109
11@Tyler.com;Sonia;Tyler;Building 110
12@Tyler.com;Noel;Tyler;Building 111
13@Tyler.com;Lilah;Tyler;Building 112
14@Tyler.com;Emerald;Tyler;Building 113
15@Tyler.com;Tamara;Tyler;Building 114
16@Tyler.com;Ariel;Tyler;Building 115
17@Tyler.com;Mark;Tyler;Building 116
18@Tyler.com;Bruno;Tyler;Building 117
19@Tyler.com;Rylee;Tyler;Building 118
20@Tyler.com;Maile;Tyler;Building 119
21@Tyler.com;Ezra;Tyler;Building 120
22@Tyler.com;Nathaniel;Tyler;Building 121
23@Tyler.com;Jacob;Tyler;Building 122
24@Tyler.com;Leila;Tyler;Building 123
25@Tyler.com;Gary;Tyler;Building 124
26@Tyler.com;Reuben;Tyler;Building 125
27@Tyler.com;Kameko;Tyler;Building 126
28@Tyler.com;Judith;Tyler;Building 127
29@Tyler.com;Amethyst;Tyler;Building 128
30@Tyler.com;Harper;Tyler;Building 129
31@Tyler.com;Ashton;Tyler;Building 130
32@Tyler.com;Kirby;Tyler;Building 131
33@Tyler.com;Maggy;Tyler;Building 132
34@Tyler.com;Damon;Tyler;Building 133
35@Tyler.com;Faith;Tyler;Building 134
36@Tyler.com;Lars;Tyler;Building 135
37@Tyler.com;Carlos;Tyler;Building 136
38@Tyler.com;Jared;Tyler;Building 137
39@Tyler.com;Bell;Tyler;Building 138
40@Tyler.com;Kevin;Tyler;Building 139
41@Tyler.com;Risa;Tyler;Building 140
42@Tyler.com;Jaime;Tyler;Building 141
43@Tyler.com;Slade;Tyler;Building 142
44@Tyler.com;Chava;Tyler;Building 143
45@Tyler.com;Colin;Tyler;Building 144
46@Tyler.com;Fiona;Tyler;Building 145
47@Tyler.com;Althea;Tyler;Building 146
48@Tyler.com;Yvette;Tyler;Building 147
49@Tyler.com;Samuel;Tyler;Building 148
50@Tyler.com;Lenore;Tyler;Building 149
51@Tyler.com;Pascale;Tyler;Building 150
52@Tyler.com;Chancellor;Tyler;Building 151
53@Tyler.com;George;Tyler;Building 152
54@Tyler.com;Edward;Tyler;Building 153
55@Tyler.com;Jakeem;Tyler;Building 154
56@Tyler.com;Lawrence;Tyler;Building 155
57@Tyler.com;Mason;Tyler;Building 156
58@Tyler.com;Cain;Tyler;Building 157
59@Tyler.com;Baxter;Tyler;Building 158
60@Tyler.com;Coby;Tyler;Building 159
61@Tyler.com;Mannix;Tyler;Building 160
62@Tyler.com;Theodore;Tyler;Building 161
63@Tyler.com;Brendan;Tyler;Building 162
64@Tyler.com;Macaulay;Tyler;Building 163
65@Tyler.com;Hedley;Tyler;Building 164
66@Tyler.com;Perry;Tyler;Building 165
67@Tyler.com;Armand;Tyler;Building 166
68@Tyler.com;Raymond;Tyler;Building 167
69@Tyler.com;Matthew;Tyler;Building 168
70@Tyler.com;Arsenio;Tyler;Building 169
71@Tyler.com;Edan;Tyler;Building 170
72@Tyler.com;Seth;Tyler;Building 171
73@Tyler.com;Philip;Tyler;Building 172
74@Tyler.com;Emmanuel;Tyler;Building 173
75@Tyler.com;Berk;Tyler;Building 174
76@Tyler.com;Kasimir;Tyler;Building 175
77@Tyler.com;Nathan;Tyler;Building 176
78@Tyler.com;Odysseus;Tyler;Building 177
79@Tyler.com;Fitzgerald;Tyler;Building 178
80@Tyler.com;Ross;Tyler;Building 179
81@Tyler.com;Garrett;Tyler;Building 180
82@Tyler.com;Stewart;Tyler;Building 181
83@Tyler.com;Elvis;Tyler;Building 182
84@Tyler.com;Vincent;Tyler;Building 183
85@Tyler.com;Phelan;Tyler;Building 184
86@Tyler.com;Tyrone;Tyler;Building 185
87@Tyler.com;Carter;Tyler;Building 186
88@Tyler.com;Craig;Tyler;Building 187
89@Tyler.com;Garth;Tyler;Building 188
90@Tyler.com;Carter;Tyler;Building 189
91@Tyler.com;Aaron;Tyler;Building 190
92@Tyler.com;Harlan;Tyler;Building 191
93@Tyler.com;Colton;Tyler;Building 192
94@Tyler.com;Baxter;Tyler;Building 193
95@Tyler.com;Damon;Tyler;Building 194
96@Tyler.com;Elliott;Tyler;Building 195
97@Tyler.com;Mark;Tyler;Building 196
98@Tyler.com;Marvin;Tyler;Building 197
99@Tyler.com;Eagan;Tyler;Building 198
100@Tyler.com;Benedict;Tyler;Building 199
101@Tyler.com;Elliott;Tyler;Building 200
102@Tyler.com;Laith;Tyler;Building 201
103@Tyler.com;Dale;Tyler;Building 202
104@Tyler.com;Kevin;Tyler;Building 203
105@Tyler.com;Channing;Tyler;Building 204
106@Tyler.com;Jamal;Tyler;Building 205
107@Tyler.com;Henry;Tyler;Building 206
108@Tyler.com;Leroy;Tyler;Building 207
109@Tyler.com;Dylan;Tyler;Building 208
110@Tyler.com;Brent;Tyler;Building 209
111@Tyler.com;Warren;Tyler;Building 210
112@Tyler.com;Harding;Tyler;Building 211
113@Tyler.com;Tanek;Tyler;Building 212
114@Tyler.com;James;Tyler;Building 213
115@Tyler.com;Herman;Tyler;Building 214
116@Tyler.com;Brody;Tyler;Building 215
117@Tyler.com;Damon;Tyler;Building 216
118@Tyler.com;Gil;Tyler;Building 217
119@Tyler.com;Colt;Tyler;Building 218
120@Tyler.com;Dante;Tyler;Building 219
121@Tyler.com;Joel;Tyler;Building 220
122@Tyler.com;Lucas;Tyler;Building 221
123@Tyler.com;Shad;Tyler;Building 222
124@Tyler.com;Howard;Tyler;Building 223
125@Tyler.com;Dane;Tyler;Building 224
126@Tyler.com;Davis;Tyler;Building 225
127@Tyler.com;Jerome;Tyler;Building 226
128@Tyler.com;Micah;Tyler;Building 227
129@Tyler.com;Perry;Tyler;Building 228
130@Tyler.com;Ethan;Tyler;Building 229
131@Tyler.com;Aladdin;Tyler;Building 230
132@Tyler.com;Myles;Tyler;Building 231
133@Tyler.com;Connor;Tyler;Building 232
134@Tyler.com;Samson;Tyler;Building 233
135@Tyler.com;Simon;Tyler;Building 234
136@Tyler.com;Vance;Tyler;Building 235
137@Tyler.com;Dolan;Tyler;Building 236
138@Tyler.com;Brennan;Tyler;Building 237
139@Tyler.com;Alden;Tyler;Building 238
140@Tyler.com;Leo;Tyler;Building 239
141@Tyler.com;Grant;Tyler;Building 240
142@Tyler.com;Rajah;Tyler;Building 241
143@Tyler.com;Rogan;Tyler;Building 242
144@Tyler.com;Aladdin;Tyler;Building 243
145@Tyler.com;Griffith;Tyler;Building 244
146@Tyler.com;Tarik;Tyler;Building 245
147@Tyler.com;Wyatt;Tyler;Building 246
148@Tyler.com;Blaze;Tyler;Building 247
149@Tyler.com;Sawyer;Tyler;Building 248
150@Tyler.com;Palmer;Tyler;Building 249
151@Tyler.com;Steel;Tyler;Building 250
152@Tyler.com;Jonah;Tyler;Building 251
153@Tyler.com;Heather;Tyler;Building 252
154@Tyler.com;April;Tyler;Building 253
155@Tyler.com;Aphrodite;Tyler;Building 254
156@Tyler.com;Dale;Tyler;Building 255
157@Tyler.com;Clementine;Tyler;Building 256
158@Tyler.com;Julie;Tyler;Building 257
159@Tyler.com;Petra;Tyler;Building 258
160@Tyler.com;Avram;Tyler;Building 259
161@Tyler.com;Charde;Tyler;Building 260
162@Tyler.com;Daria;Tyler;Building 261
163@Tyler.com;Cara;Tyler;Building 262
164@Tyler.com;Charlotte;Tyler;Building 263
165@Tyler.com;William;Tyler;Building 264
166@Tyler.com;Jordan;Tyler;Building 265
167@Tyler.com;Akeem;Tyler;Building 266
168@Tyler.com;Quentin;Tyler;Building 267
169@Tyler.com;Nicole;Tyler;Building 268
170@Tyler.com;Ivor;Tyler;Building 269
171@Tyler.com;Melvin;Tyler;Building 270
172@Tyler.com;Wyatt;Tyler;Building 271
173@Tyler.com;Cherokee;Tyler;Building 272
174@Tyler.com;Germaine;Tyler;Building 273
175@Tyler.com;Portia;Tyler;Building 274
176@Tyler.com;Xanthus;Tyler;Building 275
177@Tyler.com;Gloria;Tyler;Building 276
178@Tyler.com;Colton;Tyler;Building 277
179@Tyler.com;Hayes;Tyler;Building 278
180@Tyler.com;Rhonda;Tyler;Building 279
181@Tyler.com;Demetria;Tyler;Building 280
182@Tyler.com;Brenden;Tyler;Building 281
183@Tyler.com;Heather;Tyler;Building 282
184@Tyler.com;Jescie;Tyler;Building 283
185@Tyler.com;Roth;Tyler;Building 284
186@Tyler.com;Theodore;Tyler;Building 285
187@Tyler.com;Martena;Tyler;Building 286
188@Tyler.com;Diana;Tyler;Building 287
189@Tyler.com;Libby;Tyler;Building 288
190@Tyler.com;Cherokee;Tyler;Building 289
191@Tyler.com;Camille;Tyler;Building 290
192@Tyler.com;Serena;Tyler;Building 291
193@Tyler.com;Travis;Tyler;Building 292
194@Tyler.com;Sydney;Tyler;Building 293
195@Tyler.com;Remedios;Tyler;Building 294
196@Tyler.com;Molly;Tyler;Building 295
197@Tyler.com;Lynn;Tyler;Building 296
198@Tyler.com;Wesley;Tyler;Building 297
199@Tyler.com;Teagan;Tyler;Building 298
200@Tyler.com;Gavin;Tyler;Building 299